{
  "results_dir": "results\\gpt5_learning_full\\gpt5_learning_full_20250906-020922",
  "episodes": 2,
  "success_rate": 1.0,
  "profit": {
    "start": 5249.999999999998,
    "end": 5249.999999999998,
    "delta": 0.0,
    "pct_change": 0.0,
    "mean": 5249.999999999998,
    "median": 5249.999999999998,
    "slope": 0.0,
    "monotonicity": 1.0,
    "best_episode": 1,
    "worst_episode": 1,
    "series": [
      5249.999999999998,
      5249.999999999998
    ]
  },
  "market_share": {
    "slope": 0.0,
    "end": 0.1
  },
  "customer_satisfaction": {
    "slope": 0.0,
    "end": 0.9
  },
  "summary_present": true
}